{"py/object": "rasa_core.featurizers.MaxHistoryTrackerFeaturizer", "max_history": 5, "remove_duplicates": true, "state_featurizer": {"py/object": "rasa_core.featurizers.BinarySingleStateFeaturizer", "input_state_map": {"entity_amount-of-money": 27, "entity_company": 24, "entity_current_api": 30, "entity_email": 25, "entity_jobfunction": 23, "entity_name": 26, "entity_number": 28, "entity_product": 31, "entity_value": 29, "intent_ask_builder": 0, "intent_ask_howdoing": 1, "intent_ask_isbot": 2, "intent_ask_weather": 3, "intent_ask_whatisrasa": 4, "intent_ask_whatspossible": 5, "intent_ask_whoisit": 6, "intent_bye": 7, "intent_canthelp": 8, "intent_contact_sales": 9, "intent_deny": 10, "intent_enter_data": 11, "intent_feedback": 12, "intent_greet": 13, "intent_how_to_get_started": 14, "intent_human_handoff": 15, "intent_mood_confirm": 16, "intent_new_project": 17, "intent_out_of_scope": 18, "intent_signup_newsletter": 19, "intent_switch": 20, "intent_technical_question": 21, "intent_thank": 22, "prev_action_default_fallback": 48, "prev_action_listen": 46, "prev_action_restart": 47, "prev_utter_already_subscribed": 63, "prev_utter_ask_budget": 54, "prev_utter_ask_businessmail": 51, "prev_utter_ask_company": 55, "prev_utter_ask_email": 53, "prev_utter_ask_feedback": 80, "prev_utter_ask_goal": 56, "prev_utter_ask_jobfunction": 52, "prev_utter_ask_migration": 83, "prev_utter_ask_name": 68, "prev_utter_ask_usecase": 50, "prev_utter_awesome": 73, "prev_utter_bye": 72, "prev_utter_cant_answer_tech_question": 86, "prev_utter_canthelp": 76, "prev_utter_cantsignup": 79, "prev_utter_change_mind": 69, "prev_utter_confirm_salesrequest": 59, "prev_utter_confirmationemail": 61, "prev_utter_contact_email": 64, "prev_utter_docu": 60, "prev_utter_great": 74, "prev_utter_greet": 49, "prev_utter_inform_privacypolicy": 57, "prev_utter_moreinformation": 58, "prev_utter_must_accept": 70, "prev_utter_no_speak": 65, "prev_utter_nohelp": 77, "prev_utter_noworries": 71, "prev_utter_out_of_scope": 66, "prev_utter_possibilities": 67, "prev_utter_quickstart": 81, "prev_utter_quickstart_nlu_only": 82, "prev_utter_sales_contact": 62, "prev_utter_switch_dialogflow": 84, "prev_utter_switch_luis": 85, "prev_utter_thank_usecase": 75, "prev_utter_thumbsup": 78, "slot_budget_0": 32, "slot_company_name_0": 33, "slot_current_api_0": 34, "slot_current_api_1": 35, "slot_data_stored_0": 36, "slot_email_0": 37, "slot_feedback_value_0": 38, "slot_feedback_value_1": 39, "slot_job_function_0": 40, "slot_person_name_0": 41, "slot_product_0": 42, "slot_product_1": 43, "slot_subscribed_0": 44, "slot_use_case_0": 45}, "num_features": 87, "slot_feature_len": 14, "user_feature_len": 32}, "use_intent_probabilities": false}