{
  "action_fingerprints": {
    "action_listen": {
      "slots": [
        "feedback_value",
        "budget",
        "person_name",
        "use_case",
        "subscribed",
        "job_function",
        "email",
        "data_stored",
        "company_name"
      ]
    },
    "utter_ask_feedback": {
      "slots": []
    },
    "utter_great": {
      "slots": []
    },
    "utter_thumbsup": {
      "slots": []
    },
    "utter_noworries": {
      "slots": []
    },
    "utter_bye": {
      "slots": []
    }
  },
  "rasa_core": "0.10.4",
  "max_histories": [
    3,
    5
  ],
  "ensemble_name": "rasa_core.policies.ensemble.SimplePolicyEnsemble",
  "policy_names": [
    "rasa_core.policies.memoization.MemoizationPolicy",
    "rasa_core.policies.keras_policy.KerasPolicy"
  ]
}